{"Twitch": 3.647718403954059, "Facebook Live": 2.7476247190497816, "coronavirus pandemic": 2.618736908189021, "Fans": 2.4525258541107178, "social distancing": 1.9671954861842096, "COVID - 19": 1.953887403011322, "Instagram": 1.7387707288144156, "streams": 1.7315090149641037, "Stageit": 1.1160502955317497, "Bright Minded": 1.0535930395126343, "Megadeth": 1.0424985904246569, "industries": 1.0116722285747528, "entire internet": 0.9983726555947214, "Americana Highways": 0.9979876788565889, "Visit deviousplanet": 0.9966713786125183, "Wide Open Country": 0.9966713786125183, "David Ellefson Youth Music Foundation": 0.9946536470670253, "Music and Performing Arts category": 0.9946280121803284, "searches": 0.9946280121803284, "Can You Stream": 0.9945469195954502, "bassist David Ellefson": 0.9933134913444519, "Grammy Music Education Coalition": 0.9933134913444519, "pandemic - related streaming surge": 0.9867088794708252, "Very Lazer Sunday": 0.9725179163506255, "sets": 0.971088171005249, "lip - sync": 0.9462500140070915, "Uncancelled Festival": 0.9117708206176758, "action figures": 0.9062381386756897, "Fall Out Boy": 0.9062381386756897, "Planet Fitness Workout Streams": 0.8376728296279907, "TogetherAtHome": 0.8333716988563538, "hashtags": 0.8333716988563538, ". EST": 0.832137847901322, "Away Shows": 0.8215743899345398, "Sony Music Nashville": 0.8123932299204171, "Live": 0.7635608123382553, "pop star": 0.7620682748965919, "Abby Anderson": 0.7611727656330913, "Tenille Townes": 0.7585607692599297, "social media": 0.7570361703401431, "celebrities": 0.7536157493013889, "concert": 0.7518053954700008, "s makeshift talk": 0.7504381537437439, "Eric Paslay": 0.7502777576446533, "Amazon - owned": 0.6245261430740356, "Safari": 0.6027809795923531, "novel coronavirus": 0.5983114242553711, "video series": 0.5983114242553711, "3 - year - old hippo": 0.5983114242553711, "streaming performances": 0.5927879090886563, "Erykah Badu": 0.5910392832010984, "postponements": 0.5894180536270142, "Miley": 0.5311426250264049, "frontlines": 0.5267965197563171, "Highlighting Heroes": 0.5267965197563171, "artists": 0.4682727288454771, "StreamElements": 0.46295949816703796, "Blogoth\u00e8que": 0.4107871949672699, "isolated": 0.38714608550071716, "monetization": 0.38714608550071716, "existential threat": 0.38714608550071716, "Natalie Murphey": 0.20997493749018759, "ALEJANDRO SANZ": 0.11235485970973969, "Gira Se Queda": 0.11235485970973969, "live virtual concert": 0.10587388486601412, "nonprofits": 0.10295934206806123, "Hormel": 0.10149030084721744, "Chris Kroeze": 0.1002308651804924, "The Voice runner -": 0.1002308651804924, "country": 0.1002308651804924, "no -": 0.09203644876834005, "Fader": 0.09075166285037994, "Clark": 0.08463110169395804, "At Home : WHO - Global Citizen Solidarity Sessions": 0.08300046087242663, "Together": 0.08158454298973083, "Risky Jam": 0.0759429931640625, "Closer In Crisis virtual benefit concert": 0.05694453464820981, "Goldsmith": 0.05561816692352295, "Urmston": 0.05561816692352295, "Dispatch": 0.05561816692352295, "Gethard": 0.05561816692352295, "mental health": 0.05561816692352295, "Sound Mind Live": 0.05561816692352295, "SXSW": 0.04874568688683212, "Charli XCX": 0.04632876580581069, "Instagram Friday": 0.044954254291951656, "Swindell": 0.040661966893821955, "Beyonce": 0.040454072412103415, "Seasick": 0.040344796841964126, "Clairo": 0.040011875331401825, "Rita Ora": 0.040011875331401825, "Devin Dawson": 0.03928779682610184, "At Home With TIDAL": 0.03071188577450812, "INGRID": 0.028826365247368813, "Lizzo": 0.028727492317557335, "focused": 0.028727492317557335, "Jennifer Lopez": 0.028727492317557335, "Jay - Z": 0.028727492317557335, "Reunion": 0.01907789008691907, "Reba Meyers": 0.017483074218034744, "Blue Monday": 0.016985318157821894, "playthrough Q & A": 0.016882120864465833, "Third Man Records": 0.0159237259067595, "36 - hour": 0.014413182623684406, "Stell": 0.013965515419840813, "Terrence McNally": 0.01364277908578515, "Yungblud": 0.013283538166433573, "Schneider": 0.012964981375262141, "Code Orange": 0.012169843539595604, "clinic": 0.012169843539595604, "SPACE": 0.012001587077975273, "Magellan Corporation": 0.012001587077975273, "Dave Specter": 0.012001587077975273, "Kattke": 0.012001587077975273, "Booth": 0.011853309348225594, "James": 0.011348716216161847, "Teeth": 0.010513379471376538, "Fulcher": 0.010183033649809659, "Brandi": 0.010029316414147615, "Hailee Steinfeld": 0.009513207129202783, "Keenan - Bolger": 0.009173223748803139, "Cares / Equity": 0.009173223748803139, "Quinto": 0.009173223748803139, "H\u00e9lo\u00efse Adela\u00efde": 0.00900736078619957, "weirder": 0.008306482806801796, "Thee Stallion": 0.008283011615276337, "Alicia Keys": 0.008283011615276337, "Troye Sivan": 0.008283011615276337, "TikTok": 0.008283011615276337, "Frozen 2": 0.0076961389277130365, "first responders": 0.007323132362216711, "Rogue": 0.007040153257548809, "Moon": 0.006982757709920406, "Death Cab for Cutie": 0.006860420573502779, "Lipa": 0.006835498032160103, "Waxahatchee": 0.006516441586427391, "Tequila Tuesdays": 0.005915994290262461, ". tv": 0.005836797063238919, "MILCK": 0.005728991003707051, "new age steel pedal player": 0.0053079086355865, "Travis Barker": 0.005302895791828632, "Zoomtopia": 0.00504747498780489, "Machine Gun Kelly": 0.005035017034970224, "Foiled": 0.0049837310798466206, "M . O . S .": 0.004882598994299769, "Live Nation": 0.0045439330860972404, "Live From Home": 0.0045439330860972404, "NETTA": 0.004469555336982012, "MusiCares": 0.004469555336982012, "Ashley McBryde": 0.004279986955225468, "Zakiya Hooker": 0.004113032016903162, "Queens": 0.003998928819783032, "Clair": 0.003958672401495278, "Reinhart": 0.003730763914063573, "Papa Giovanni XXIII": 0.0036611962132155895, "Achinoam Nini": 0.0036611962132155895, "Bergamo": 0.0036611962132155895, "Pope John XXIIII ) Hospital": 0.0036611962132155895, "Urban Outfitters": 0.0036323416279628873, "Lockwood": 0.0035200766287744045, "The Sway Machinery": 0.0035200766287744045, "North Mississippi All - Stars": 0.0035200766287744045, "Bluhm": 0.0035200766287744045, "Lauren Singer": 0.0034681546967476606, "covers": 0.0034302102867513895, "SundaySessions": 0.0031875174026936293, "Couch Concert Series": 0.0031875174026936293, "Grand Ole Opry": 0.003046558704227209, "Ruckus": 0.0027284768875688314, "Restaurant Workers": 0.0027284768875688314, "Eric D -": 0.0027284768875688314, "donjuliotequila": 0.0027284768875688314, "Tilted \"": 0.0026904703117907047, "Kream": 0.002601255662739277, "UnCancelled Music Festival": 0.002570351236499846, "Zoom": 0.002523737493902445, "Cheat Codes": 0.002523737493902445, "Anna of the North": 0.002523737493902445, "Daniel": 0.0024671461433172226, "KALV": 0.00232388311997056, "KZZP": 0.00232388311997056, "North American Virtual": 0.0022719665430486202, "The Buckleys": 0.0022719665430486202, "070 Shake": 0.002257764805108309, "Reggae sensation Koffee": 0.0021354681812226772, "Hozier": 0.0019843934569507837, "noon": 0.0019843934569507837, "COVID - 19 Solidarity Response Fund": 0.0019818234723061323, "White Buffalo": 0.0018692315788939595, "Ashnikko": 0.0018347410950809717, "Max La Manna": 0.0017463704571127892, "Future Nostalgia": 0.0017005993286147714, "Calm Mental Health Charity": 0.0014486601576209068, "game shows": 0.001429745345376432, "Hana": 0.001429745345376432, "Overcoats": 0.001429745345376432, "group meditation": 0.001408578478731215, "global crisis": 0.001408578478731215, "mantra": 0.001408578478731215, "Corona World Tour": 0.0013697389513254166, "of God": 0.001367241726256907, "Sigrid": 0.0013006278313696384, "Verftet": 0.0013006278313696384, "insecurities": 0.001299867406487465, "half - hour video chat": 0.001299867406487465, "year": 0.0012847859179601073, "four": 0.0012847859179601073, "Betty Who": 0.0012301955139264464, "Childish Gambino": 0.0012032109079882503}